frequency,variable,count,experiments
Yearly,toa outgoing longwave flux assuming clear sky,5,"midHolocene, lgm, 1pctCO2, abrupt4xCO2, historical, piControl, decadal"
Yearly,downward sea ice basal salt flux,2,"midHolocene, lgm"
Yearly,ocean mixed layer thickness defined by sigma t,4,"midHolocene, lgm, piControl, historical, decadal"
Yearly,air pressure,4,"lgm, midHolocene, historical, rcp85"
Yearly,geopotential height,4,"midHolocene, historical, lgm"
Yearly,large scale snowfall flux,2,"midHolocene, lgm"
Yearly,tendency of air temperature due to advection,2,"midHolocene, lgm"
Yearly,surface downward y stress,4,"midHolocene, lgm, rcp85, historical, rcp45, piControl"
Yearly,ocean volume,3,"midHolocene, lgm, 1pctCO2, rcp85, abrupt4xCO2, historical, rcp45, piControl"
Yearly,sea water salinity,11,"1pctCO2, rcp60, midHolocene, lgm, esmFdbk1, esmFixClim1, rcp26, rcp85, abrupt4xCO2, historical, esmFdbk2, rcp45, piControl"
Yearly,global average sea level change,3,"midHolocene, lgm, 1pctCO2, rcp85, abrupt4xCO2, historical, rcp45, piControl"
Yearly,atmosphere convective mass flux,2,"midHolocene, lgm"
Yearly,sea water potential temperature,12,"1pctCO2, rcp60, midHolocene, lgm, esmFdbk1, esmFixClim1, rcp26, rcp85, abrupt4xCO2, historical, esmFdbk2, rcp45, piControl, decadal"
Yearly,runoff flux,4,"piControl, midHolocene, lgm, amip, rcp85, abrupt4xCO2, historical, esmHistorical, rcp45, 1pctCO2"
Yearly,eastward sea ice velocity,2,"midHolocene, lgm"
Yearly,sea water y velocity,5,"midHolocene, lgm, rcp85, historical, rcp45, piControl"
Yearly,tendency of specific humidity,3,"midHolocene, historical, lgm"
Yearly,tendency of specific humidity due to diffusion,2,"midHolocene, lgm"
Yearly,northward sea ice velocity,2,"midHolocene, lgm"
Yearly,lagrangian tendency of air pressure,2,"midHolocene, lgm"
Yearly,surface downwelling longwave flux in air assuming clear sky,3,"lgm, midHolocene, historical, decadal"
Yearly,northward ocean heat transport due to gyre,3,"midHolocene, lgm, 1pctCO2, rcp85, abrupt4xCO2, historical, rcp45, piControl"
Yearly,surface downward northward stress,2,"midHolocene, lgm"
Yearly,moisture content of soil layer,3,"midHolocene, lgm"
Yearly,mass fraction of cloud liquid water in air,2,"midHolocene, lgm"
Yearly,surface upwelling shortwave flux in air,5,"midHolocene, lgm, 1pctCO2, abrupt4xCO2, historical, piControl, decadal"
Yearly,convective precipitation flux,2,"midHolocene, lgm"
Yearly,surface upward sensible heat flux,4,"lgm, midHolocene, historical, decadal"
Yearly,upwelling longwave flux in air,3,"midHolocene, historical, lgm"
Yearly,toa incoming shortwave flux,8,"midHolocene, lgm, 1pctCO2, abrupt4xCO2, historical, piControl, decadal"
Yearly,convective cloud area fraction in atmosphere layer,2,"midHolocene, lgm"
Yearly,surface downwelling shortwave flux in air assuming clear sky,5,"midHolocene, lgm, 1pctCO2, abrupt4xCO2, historical, piControl, decadal"
Yearly,tendency of specific humidity due to advection,2,"midHolocene, lgm"
Yearly,sea surface temperature,17,"1pctCO2, rcp60, midHolocene, lgm, esmFdbk1, esmFixClim1, rcp26, rcp85, abrupt4xCO2, historical, rcp45, piControl, decadal"
Yearly,sea surface salinity,6,"1pctCO2, rcp60, midHolocene, lgm, esmFdbk1, esmFixClim1, rcp26, rcp85, abrupt4xCO2, historical, rcp45, piControl"
Yearly,plant respiration carbon flux,4,"rcp60, midHolocene, esmFdbk1, lgm, esmFixClim1, rcp26, rcp85, historical, rcp45, 1pctCO2"
Yearly,mass fraction of stratiform cloud ice in air,2,"midHolocene, lgm"
Yearly,surface downwelling longwave flux in air,4,"lgm, midHolocene, historical, decadal"
Yearly,atmosphere momentum diffusivity,2,"midHolocene, lgm"
Yearly,soil moisture content,3,"rcp45, midHolocene, historical, lgm"
Yearly,global average thermosteric sea level change,3,"midHolocene, lgm, 1pctCO2, rcp85, abrupt4xCO2, historical, rcp45, piControl"
Yearly,surface downward x stress,4,"midHolocene, lgm, rcp85, historical, rcp45, piControl"
Yearly,large scale rainfall flux,3,"midHolocene, lgm, 1pctCO2, historical, abrupt4xCO2"
Yearly,toa outgoing longwave flux,10,"sstClim, midHolocene, lgm, sstClimAerosol, 1pctCO2, historicalNat, abrupt4xCO2, historical, historicalGHG, piControl, decadal"
Yearly,northward ocean heat transport,3,"midHolocene, lgm, 1pctCO2, rcp85, abrupt4xCO2, historical, rcp45, piControl"
Yearly,vegetation carbon content,7,"rcp60, midHolocene, esmFdbk1, lgm, esmFixClim1, rcp26, rcp85, historical, esmHistorical, rcp45, 1pctCO2, esmControl"
Yearly,snowfall flux,3,"rcp45, midHolocene, historical, lgm"
Yearly,air pressure at cloud top,2,"midHolocene, lgm"
Yearly,soil frozen water content,2,"midHolocene, lgm"
Yearly,surface snow area fraction,2,"midHolocene, lgm"
Yearly,sea ice x velocity,2,"midHolocene, lgm"
Yearly,gross primary productivity of carbon,4,"rcp60, midHolocene, lgm, esmFixClim1, rcp26, rcp85, historical, rcp45"
Yearly,surface upwelling shortwave flux in air assuming clear sky,4,"midHolocene, lgm, 1pctCO2, abrupt4xCO2, historical, piControl, decadal"
Yearly,snow temperature,2,"midHolocene, lgm"
Yearly,mole fraction of ozone in air,2,"midHolocene, lgm"
Yearly,sea surface height above geoid,4,"midHolocene, lgm, piControl, rcp85, abrupt4xCO2, historical, rcp45, 1pctCO2"
Yearly,surface upward latent heat flux,4,"lgm, midHolocene, historical, decadal"
Yearly,convective cloud area fraction,2,"midHolocene, lgm"
Yearly,sea area fraction,2,"midHolocene, lgm"
Yearly,air pressure at convective cloud top,2,"midHolocene, lgm"
Yearly,mass fraction of water in air,2,"midHolocene, lgm"
Yearly,surface downwelling shortwave flux in air,7,"1pctCO2, midHolocene, lgm, amip, abrupt4xCO2, historical, esmHistorical, piControl, decadal"
Yearly,water evaporation flux,4,"midHolocene, lgm, rcp85, historical, esmHistorical, amip"
Yearly,ocean mixed layer thickness defined by mixing scheme,4,"midHolocene, lgm, piControl, rcp85, abrupt4xCO2, historical, rcp45, 1pctCO2"
Yearly,convective snowfall flux,2,"midHolocene, lgm"
Yearly,cloud area fraction in atmosphere layer,2,"midHolocene, lgm"
Yearly,surface downward eastward stress,2,"midHolocene, lgm"
Yearly,sea water x velocity,6,"midHolocene, lgm, rcp85, historical, rcp45, piControl, decadal"
Yearly,upwelling shortwave flux in air,3,"midHolocene, historical, lgm"
Yearly,sea ice area fraction,7,"midHolocene, lgm, esmFdbk1, esmFixClim1, piControl, historical, 1pctCO2, decadal"
Yearly,downwelling shortwave flux in air,4,"lgm, midHolocene, historical, decadal"
Yearly,water evaporation flux from soil,2,"midHolocene, lgm"
Yearly,wind speed,3,"midHolocene, historical, lgm"
Yearly,surface downward sensible heat flux,3,"midHolocene, historical, lgm"
Yearly,heat flux correction,2,"midHolocene, lgm"
Yearly,northward ocean heat transport due to diffusion,3,"midHolocene, lgm, 1pctCO2, rcp85, abrupt4xCO2, historical, rcp45, piControl"
Yearly,isccp cloud area fraction,2,"midHolocene, lgm"
Yearly,transpiration flux,2,"midHolocene, lgm"
Yearly,cloud area fraction,3,"midHolocene, historical, lgm"
Yearly,surface altitude,2,"midHolocene, lgm"
Yearly,air pressure at sea level,3,"piControl, lgm, 1pctCO2, midHolocene, abrupt4xCO2"
Yearly,northward wind,2,"midHolocene, lgm"
Yearly,water sublimation flux,2,"midHolocene, lgm"
Yearly,surface snow thickness,2,"midHolocene, lgm"
Yearly,land area fraction,3,"esmHistorical, midHolocene, amip, historical, lgm"
Yearly,leaf area index,4,"rcp60, midHolocene, lgm, esmFixClim1, rcp26, rcp85, historical, rcp45"
Yearly,mass fraction of convective cloud liquid water in air,2,"midHolocene, lgm"
Yearly,net downward radiative flux at top of atmosphere model,2,"midHolocene, lgm"
Yearly,eastward wind,4,"midHolocene, historical, lgm"
Yearly,toa outgoing shortwave flux,10,"sstClim, midHolocene, lgm, sstClimAerosol, 1pctCO2, historicalNat, abrupt4xCO2, historical, historicalGHG, piControl, decadal"
Yearly,surface partial pressure of carbon dioxide in sea water,3,"rcp60, midHolocene, lgm, rcp26, rcp85, historical, rcp45, piControl"
Yearly,convective rainfall flux,2,"midHolocene, lgm"
Yearly,water flux correction,2,"midHolocene, lgm"
Yearly,soil moisture content at field capacity,2,"midHolocene, lgm"
Yearly,mass fraction of cloud ice in air,2,"midHolocene, lgm"
Yearly,sea ice y velocity,2,"midHolocene, lgm"
Yearly,litter carbon content,5,"rcp60, midHolocene, lgm, esmFixClim1, rcp26, rcp85, historical, esmHistorical, rcp45, 1pctCO2, esmControl"
Yearly,atmosphere cloud ice content,2,"midHolocene, lgm"
Yearly,northward ocean heat transport due to bolus advection,3,"midHolocene, lgm, 1pctCO2, rcp85, abrupt4xCO2, historical, rcp45, piControl"
Yearly,surface air pressure,7,"midHolocene, past1000, lgm, rcp85, historical, historicalGHG, decadal"
Yearly,northward ocean heat transport due to overturning,3,"midHolocene, lgm, 1pctCO2, rcp85, abrupt4xCO2, historical, rcp45, piControl"
Yearly,surface albedo,3,"esmHistorical, midHolocene, amip, historical, lgm"
Yearly,surface downward latent heat flux,4,"lgm, midHolocene, historical, rcp85"
Yearly,toa outgoing shortwave flux assuming clear sky,5,"midHolocene, lgm, 1pctCO2, abrupt4xCO2, historical, piControl, decadal"
Yearly,tendency of specific humidity due to model physics,2,"midHolocene, lgm"
Yearly,downwelling longwave flux in air,3,"lgm, midHolocene, historical, decadal"
Yearly,area fraction,3,"midHolocene, piControl, historical, lgm"
Yearly,land ice area fraction,2,"midHolocene, lgm"
Yearly,liquid water content of snow layer,2,"midHolocene, lgm"
Yearly,atmosphere cloud condensed water content,2,"midHolocene, lgm"
Yearly,sea ice transport across line,2,"midHolocene, lgm"
Yearly,net primary productivity of carbon,8,"piControl, rcp60, midHolocene, esmFdbk1, lgm, esmFixClim1, rcp26, rcp85, historical, rcp45, 1pctCO2"
Yearly,soil carbon content,6,"rcp60, midHolocene, esmFdbk1, lgm, esmFixClim1, rcp26, rcp85, historical, esmHistorical, rcp45, 1pctCO2, esmControl"
Yearly,air pressure at convective cloud base,2,"midHolocene, lgm"
Yearly,sea floor depth below geoid,2,"midHolocene, lgm"
Yearly,atmosphere heat diffusivity,2,"midHolocene, lgm"
Yearly,surface upwelling longwave flux in air,4,"lgm, midHolocene, historical, decadal"
Yearly,litter carbon flux,2,"midHolocene, lgm"
Yearly,sea ice thickness,3,"midHolocene, piControl, historical, lgm"
Yearly,surface downward heat flux in sea water,2,"midHolocene, lgm"
Yearly,surface snow melt flux,2,"midHolocene, lgm"
Yearly,sea water potential density,4,"midHolocene, lgm, piControl, rcp85, abrupt4xCO2, historical, rcp45, 1pctCO2"
Yearly,heterotrophic respiration carbon flux,5,"rcp60, midHolocene, esmFdbk1, lgm, esmFixClim1, rcp26, rcp85, historical, rcp45, 1pctCO2"
Yearly,mass fraction of convective cloud ice in air,2,"midHolocene, lgm"
Yearly,specific humidity,3,"midHolocene, historical, lgm"
Yearly,water evaporation flux from canopy,2,"midHolocene, lgm"
Yearly,relative humidity,3,"midHolocene, historical, lgm"
Yearly,stratiform cloud area fraction in atmosphere layer,2,"midHolocene, lgm"
Yearly,mass fraction of stratiform cloud liquid water in air,2,"midHolocene, lgm"
Yearly,surface net downward longwave flux,5,"midHolocene, lgm, 1pctCO2, abrupt4xCO2, historical, piControl, decadal"
Yearly,precipitation flux,22,"amip, rcp60, midHolocene, past1000, lgm, rcp26, rcp85, abrupt4xCO2, historical, 1pctCO2, esmHistorical, historicalGHG, rcp45, piControl, decadal"
Yearly,tendency of air temperature due to radiative heating,2,"midHolocene, lgm"
Yearly,rainfall flux,11,"midHolocene, lgm, past1000, rcp26, rcp85, historical, historicalGHG, rcp45"
Yearly,surface runoff flux,5,"piControl, midHolocene, lgm, past1000, rcp85, abrupt4xCO2, historical, historicalGHG, rcp45, 1pctCO2"
Yearly,soil temperature,2,"midHolocene, lgm"
Yearly,surface temperature,17,"lgm, rcp45, rcp60, midHolocene, rcp85, past1000, esmFdbk1, esmFixClim1, rcp26, piControl, historicalExt, historicalMisc, historicalNat, abrupt4xCO2, historical, esmHistorical, historicalGHG, amip, 1pctCO2, decadal"
Yearly,surface snow amount,3,"midHolocene, historical, lgm"
Yearly,air temperature,26,"sstClimAerosol, rcp60, rcp26, rcp45, 1pctCO2, past1000, rcp85, abrupt4xCO2, esmHistorical, historicalGHG, decadal, midHolocene, lgm, historicalExt, historicalNat, piControl, esmControl, sstClim, esmFdbk1, esmFixClim1, historicalMisc, historical"
Yearly,tendency of specific humidity due to convection,2,"midHolocene, lgm"
Yearly,atmosphere water vapor content,3,"midHolocene, historical, lgm"
Yearly,time,3,"midHolocene, lgm, rcp85, historicalMisc, historicalNat, historical, historicalExt, historicalGHG, piControl"
Yearly,tendency of air temperature,4,"lgm, midHolocene, historical, decadal"
Yearly,root depth,2,"midHolocene, lgm"
Sub-Hourly,surface downwelling longwave flux in air,1,"rcp85, rcp45, amip, historical, piControl"
Sub-Hourly,toa outgoing longwave flux assuming clear sky,1,"rcp85, rcp45, amip, historical, piControl"
Sub-Hourly,cloud area fraction,1,"rcp85, rcp45, amip, historical, piControl"
Sub-Hourly,surface downwelling shortwave flux in air assuming clear sky,1,"rcp85, rcp45, amip, historical, piControl"
Sub-Hourly,toa outgoing shortwave flux,1,"rcp85, rcp45, amip, historical, piControl"
Sub-Hourly,air temperature,2,"rcp85, rcp45, piControl, historical, amip"
Sub-Hourly,surface downwelling longwave flux in air assuming clear sky,1,"rcp85, rcp45, amip, historical, piControl"
Sub-Hourly,cloud area fraction in atmosphere layer,1,"rcp85, rcp45, amip, historical, piControl"
Sub-Hourly,net downward radiative flux at top of atmosphere model,1,"rcp85, rcp45, amip, historical, piControl"
Sub-Hourly,toa outgoing longwave flux,1,"rcp85, rcp45, amip, historical, piControl"
Sub-Hourly,eastward wind,1,piControl
Sub-Hourly,surface net downward longwave flux,1,"rcp85, rcp45, amip, historical, piControl"
Sub-Hourly,toa outgoing shortwave flux assuming clear sky,1,"rcp85, rcp45, amip, historical, piControl"
Sub-Hourly,precipitation flux,1,"rcp85, rcp45, amip, historical, piControl"
Sub-Hourly,northward wind,1,piControl
Sub-Hourly,surface downwelling shortwave flux in air,1,"rcp85, rcp45, amip, historical, piControl"
Sub-Hourly,toa incoming shortwave flux,1,"rcp85, rcp45, amip, historical, piControl"
Sub-Hourly,rainfall flux,1,piControl
3-hourly,cloud area fraction,1,amip
3-hourly,air pressure,2,amip
3-hourly,tendency of air temperature due to advection,1,amip
3-hourly,air pressure at sea level,2,amip
3-hourly,surface upward latent heat flux,2,"historical, rcp85"
3-hourly,land area fraction,2,"historical, rcp85"
3-hourly,specific humidity,4,"amip, historical, rcp85"
3-hourly,net downward radiative flux at top of atmosphere model,1,amip
3-hourly,eastward wind,5,"amip, rcp45, piControl, historical, rcp85"
3-hourly,toa outgoing shortwave flux,1,amip
3-hourly,water evaporation flux,1,"historical, rcp85"
3-hourly,surface upward sensible heat flux,2,"historical, rcp85"
3-hourly,toa incoming shortwave flux,1,amip
3-hourly,isccp cloud area fraction,2,amip
3-hourly,precipitation flux,3,"rcp45, amip, historical, rcp85"
3-hourly,northward wind,4,"rcp45, piControl, historical, rcp85"
3-hourly,tendency of air temperature due to radiative heating,1,amip
3-hourly,downwelling shortwave flux in air,1,amip
3-hourly,land ice area fraction,2,"historical, rcp85"
3-hourly,wind speed,2,"amip, historical, rcp85"
3-hourly,surface air pressure,4,"amip, historical, rcp85"
3-hourly,surface temperature,2,amip
3-hourly,air temperature,5,"historicalExt, amip, historical, rcp85"
3-hourly,toa outgoing longwave flux,2,amip
3-hourly,tendency of air temperature,1,amip
Monthly,toa outgoing longwave flux assuming clear sky,24,"sstClimAerosol, rcp60, sstClim4xCO2, rcp26, sstClimSulfate, amip4xCO2, rcp45, 1pctCO2, aqua4xCO2, rcp85, abrupt4xCO2, historicalExt, historicalGHG, decadal, midHolocene, lgm, amip4K, historicalNat, amipFuture, piControl, sstClim, aqua4K, historicalMisc, aquaControl, historical, amip"
Monthly,downward sea ice basal salt flux,1,"amip, historical, piControl"
Monthly,ocean mixed layer thickness defined by sigma t,5,"rcp85, historicalNat, historical, historicalGHG, piControl, decadal"
Monthly,air pressure,28,"piControl, rcp60, aqua4xCO2, esmFdbk1, aqua4K, esmFixClim1, rcp26, 1pctCO2, amip4K, aquaControl, historicalMisc, historicalNat, rcp85, historical, historicalExt, historicalGHG, amip4xCO2, rcp45, amip, abrupt4xCO2"
Monthly,geopotential height,45,"1pctCO2, amipFuture, rcp60, midHolocene, past1000, rcp26, piControl, amip4K, rcp85, historical, historicalGHG, amip4xCO2, rcp45, amip, abrupt4xCO2"
Monthly,tendency of air temperature due to advection,1,amip
Monthly,litter carbon content,4,"piControl, historical, rcp85"
Monthly,ocean volume,3,"1pctCO2, rcp85, abrupt4xCO2, historical, rcp45, piControl"
Monthly,sea water salinity,25,"amip, rcp60, esmFdbk1, abrupt4xCO2, esmFixClim1, rcp26, esmrcp85, historicalNat, rcp85, historical, 1pctCO2, esmHistorical, historicalGHG, rcp45, piControl, decadal"
Monthly,global average sea level change,1,"1pctCO2, rcp85, abrupt4xCO2, historical, rcp45, piControl"
Monthly,sea water potential temperature,45,"amip, rcp60, esmFdbk1, esmFixClim1, rcp26, rcp85, historicalMisc, historicalNat, esmrcp85, abrupt4xCO2, historical, 1pctCO2, esmHistorical, historicalGHG, rcp45, piControl, esmControl, decadal"
Monthly,runoff flux,5,"piControl, rcp45, rcp60, rcp26, 1pctCO2, historicalMisc, historicalNat, abrupt4xCO2, historical, historicalExt, historicalGHG, rcp85, amip"
Monthly,air pressure at sea level,54,"amip, rcp60, midHolocene, rcp26, 1pctCO2, amip4K, rcp85, historicalMisc, historicalNat, abrupt4xCO2, historical, historicalExt, historicalGHG, amip4xCO2, rcp45, piControl, decadal"
Monthly,tendency of specific humidity,5,"rcp45, historical"
Monthly,northward sea ice velocity,1,"historicalGHG, historicalNat, historical, decadal"
Monthly,lagrangian tendency of air pressure,2,piControl
Monthly,surface downwelling longwave flux in air assuming clear sky,14,"amip, decadal, rcp60, midHolocene, lgm, rcp26, amipFuture, piControl, amip4K, historicalMisc, historicalNat, rcp85, historical, historicalExt, historicalGHG, amip4xCO2, rcp45, 1pctCO2, abrupt4xCO2"
Monthly,northward ocean heat transport due to gyre,1,"1pctCO2, rcp85, abrupt4xCO2, historical, rcp45, piControl"
Monthly,surface downward northward stress,7,"amip, rcp26, rcp85, historicalMisc, historicalNat, historical, historicalGHG, rcp45, piControl"
Monthly,moisture content of soil layer,6,"rcp45, rcp26, historical, rcp85"
Monthly,mass fraction of cloud liquid water in air,1,"amip4K, amip4xCO2, 1pctCO2, amipFuture, amip"
Monthly,surface downwelling longwave flux in air,22,"amip, decadal, rcp45, rcp60, midHolocene, lgm, rcp26, esmrcp85, amip4K, historicalExt, historicalMisc, historicalNat, amipFuture, historical, 1pctCO2, esmHistorical, historicalGHG, amip4xCO2, rcp85, piControl, abrupt4xCO2"
Monthly,convective precipitation flux,5,"amip, rcp45, rcp26, historical, rcp85"
Monthly,sea water potential density,7,"1pctCO2, rcp60, abrupt4xCO2, piControl, historicalNat, rcp85, historical, historicalGHG, rcp45, amip, decadal"
Monthly,upwelling longwave flux in air,1,historical
Monthly,toa incoming shortwave flux,23,"sstClimAerosol, rcp60, sstClim4xCO2, rcp26, sstClimSulfate, amip4xCO2, rcp45, 1pctCO2, aqua4xCO2, rcp85, abrupt4xCO2, historicalExt, historicalGHG, decadal, midHolocene, lgm, amip4K, historicalNat, amipFuture, piControl, sstClim, aqua4K, historicalMisc, aquaControl, historical, amip"
Monthly,surface net downward longwave flux,17,"amip, decadal, rcp60, rcp26, piControl, rcp85, historical, 1pctCO2, esmHistorical, rcp45, esmrcp85, abrupt4xCO2"
Monthly,surface downwelling shortwave flux in air assuming clear sky,17,"1pctCO2, decadal, sstClim, rcp60, midHolocene, lgm, rcp26, sstClim4xCO2, sstClimAerosol, amipFuture, amip, amip4K, rcp85, historical, sstClimSulfate, amip4xCO2, rcp45, piControl, abrupt4xCO2"
Monthly,sea surface temperature,108,"sstClimAerosol, rcp60, sstClim4xCO2, rcp26, amip4xCO2, rcp45, esmrcp85, aqua4xCO2, rcp85, abrupt4xCO2, esmHistorical, historicalGHG, decadal, 1pctCO2, midHolocene, lgm, historicalExt, historicalNat, piControl, esmControl, sstClim, esmFdbk1, esmFixClim1, historicalMisc, aquaControl, historical, amip"
Monthly,sea surface salinity,15,"1pctCO2, decadal, rcp60, esmFdbk1, amip, esmFixClim1, rcp26, piControl, historicalExt, historicalMisc, historicalNat, rcp85, historical, esmHistorical, historicalGHG, rcp45, esmrcp85, abrupt4xCO2"
Monthly,plant respiration carbon flux,1,historical
Monthly,surface upwelling shortwave flux in air,27,"sstClimAerosol, rcp60, amipFuture, sstClimSulfate, amip4xCO2, rcp45, 1pctCO2, esmrcp85, abrupt4xCO2, esmHistorical, historicalGHG, decadal, midHolocene, lgm, amip4K, rcp26, piControl, sstClim, historicalMisc, rcp85, historical, amip"
Monthly,land ice area fraction,4,"amip, piControl, rcp60, midHolocene, lgm, rcp26, rcp85, abrupt4xCO2, historical, rcp45, 1pctCO2"
Monthly,global average thermosteric sea level change,2,"piControl, rcp85, abrupt4xCO2, historical, rcp45, 1pctCO2"
Monthly,surface downward x stress,7,"piControl, rcp45, 1pctCO2, historical, rcp85"
Monthly,large scale rainfall flux,2,"midHolocene, lgm, rcp26, rcp85, abrupt4xCO2, historical, rcp45, 1pctCO2"
Monthly,toa outgoing longwave flux,35,"sstClimAerosol, rcp60, sstClim4xCO2, rcp26, sstClimSulfate, amip4xCO2, rcp45, 1pctCO2, aqua4xCO2, rcp85, abrupt4xCO2, historicalExt, historicalGHG, decadal, midHolocene, lgm, amip4K, historicalNat, amipFuture, piControl, sstClim, aqua4K, historicalMisc, aquaControl, historical, amip"
Monthly,northward ocean heat transport,7,"1pctCO2, rcp60, abrupt4xCO2, rcp26, piControl, historicalMisc, historicalNat, rcp85, historical, historicalGHG, rcp45, amip, decadal"
Monthly,vegetation carbon content,3,"rcp45, rcp60, rcp26, rcp85"
Monthly,snowfall flux,6,"rcp45, rcp60, rcp26, historical, rcp85"
Monthly,soil frozen water content,1,"historical, rcp85"
Monthly,surface snow area fraction,5,"rcp60, rcp26, rcp85, historicalNat, historical, rcp45, piControl"
Monthly,sea water y velocity,10,"rcp26, piControl, historicalNat, rcp85, historical, esmHistorical, historicalGHG, rcp45, esmrcp85, esmControl, decadal"
Monthly,sea ice x velocity,2,"rcp26, rcp45, piControl, historical, rcp85"
Monthly,gross primary productivity of carbon,2,"rcp45, historical, rcp85"
Monthly,surface upwelling shortwave flux in air assuming clear sky,17,"decadal, sstClim, rcp45, rcp60, midHolocene, lgm, rcp26, sstClim4xCO2, sstClimAerosol, amipFuture, piControl, amip4K, rcp85, historical, sstClimSulfate, amip4xCO2, amip, 1pctCO2, abrupt4xCO2"
Monthly,mole fraction of ozone in air,2,"rcp60, rcp26, rcp85, historical, rcp45, 1pctCO2"
Monthly,sea surface height above geoid,10,"piControl, rcp85, abrupt4xCO2, historical, rcp45, 1pctCO2"
Monthly,surface upward latent heat flux,27,"1pctCO2, amip, rcp26, rcp85, amip4K, historicalMisc, abrupt4xCO2, historical, historicalGHG, amip4xCO2, rcp45, piControl, decadal"
Monthly,convective cloud area fraction,1,"amip, historical, piControl"
Monthly,sea area fraction,8,"1pctCO2, rcp60, midHolocene, lgm, rcp26, piControl, rcp85, esmrcp85, abrupt4xCO2, historical, esmHistorical, rcp45, amip, esmControl"
Monthly,mass fraction of water in air,1,"rcp45, historical, rcp85"
Monthly,surface snow melt flux,1,"esmFixClim1, 1pctCO2, esmFdbk1"
Monthly,water evaporation flux,17,"rcp60, sstClim4xCO2, rcp26, amip4xCO2, rcp45, 1pctCO2, aqua4xCO2, rcp85, abrupt4xCO2, esmHistorical, historicalGHG, midHolocene, historicalExt, historicalNat, piControl, sstClim, esmFdbk1, esmFixClim1, historicalMisc, aquaControl, historical, amip"
Monthly,ocean mixed layer thickness defined by mixing scheme,7,"piControl, rcp85, esmrcp85, abrupt4xCO2, historical, esmHistorical, rcp45, 1pctCO2"
Monthly,cloud area fraction in atmosphere layer,14,"amip, piControl, rcp60, aqua4xCO2, sstClimAerosol, aqua4K, rcp26, sstClim4xCO2, sstClim, amipFuture, rcp85, amip4K, aquaControl, abrupt4xCO2, historical, amip4xCO2, rcp45, 1pctCO2"
Monthly,surface downward eastward stress,10,"amip, rcp26, rcp85, historicalMisc, historicalNat, historical, historicalGHG, rcp45, piControl"
Monthly,sea water x velocity,10,"rcp26, piControl, historicalNat, rcp85, historical, esmHistorical, historicalGHG, rcp45, esmrcp85, decadal"
Monthly,northward wind,67,"1pctCO2, amipFuture, rcp60, aqua4xCO2, midHolocene, lgm, aqua4K, rcp26, piControl, amip4K, aquaControl, historicalMisc, historicalNat, rcp85, historical, historicalGHG, amip4xCO2, rcp45, amip, abrupt4xCO2"
Monthly,sea ice area fraction,41,"1pctCO2, esmrcp85, rcp60, midHolocene, past1000, amip, lgm, esmFixClim1, rcp26, rcp85, esmHistorical, historicalMisc, esmFdbk1, historicalNat, abrupt4xCO2, historical, historicalExt, historicalGHG, rcp45, piControl, decadal"
Monthly,downwelling shortwave flux in air,9,"piControl, rcp45, rcp60, abrupt4xCO2, amipFuture, amip, amip4K, rcp26, historical, amip4xCO2, rcp85, 1pctCO2, decadal"
Monthly,water evaporation flux from soil,2,"esmFdbk1, esmFixClim1, rcp85, historical, rcp45, 1pctCO2"
Monthly,wind speed,39,"rcp60, rcp26, 1pctCO2, historicalMisc, esmrcp85, rcp85, historical, esmHistorical, historicalGHG, amip4xCO2, rcp45, amip"
Monthly,surface downwelling shortwave flux in air,31,"sstClimAerosol, rcp60, amipFuture, sstClimSulfate, amip4xCO2, rcp45, 1pctCO2, esmrcp85, abrupt4xCO2, esmHistorical, historicalGHG, decadal, midHolocene, lgm, amip4K, historicalNat, rcp26, piControl, sstClim, historicalMisc, rcp85, historical, amip"
Monthly,northward ocean heat transport due to diffusion,1,"1pctCO2, rcp85, abrupt4xCO2, historical, rcp45, piControl"
Monthly,isccp cloud area fraction,8,"1pctCO2, sstClim, sstClim4xCO2, sstClimAerosol, amip, abrupt4xCO2, historical, sstClimSulfate, piControl"
Monthly,transpiration flux,3,"esmFdbk1, esmFixClim1, rcp85, historicalMisc, historicalNat, historical, historicalExt, historicalGHG, rcp45, 1pctCO2"
Monthly,cloud area fraction,28,"sstClimAerosol, rcp60, sstClim4xCO2, rcp26, sstClimSulfate, amip4xCO2, rcp45, 1pctCO2, aqua4xCO2, rcp85, abrupt4xCO2, historicalExt, historicalGHG, amip4K, historicalNat, amipFuture, piControl, sstClim, aqua4K, historicalMisc, aquaControl, historical, amip"
Monthly,surface altitude,5,"rcp45, rcp60, rcp26, historical, rcp85"
Monthly,specific humidity,38,"1pctCO2, piControl, rcp60, aqua4xCO2, lgm, aqua4K, rcp26, amipFuture, rcp85, amip4K, aquaControl, historicalNat, abrupt4xCO2, historical, historicalGHG, amip4xCO2, rcp45, amip"
Monthly,upwelling shortwave flux in air,1,historical
Monthly,surface snow thickness,3,"rcp45, rcp60, rcp26, historical, rcp85"
Monthly,land area fraction,15,"1pctCO2, sstClim, rcp60, midHolocene, lgm, amip, rcp26, sstClim4xCO2, amipFuture, rcp85, amip4K, historicalNat, abrupt4xCO2, historical, historicalExt, historicalGHG, amip4xCO2, rcp45, piControl"
Monthly,leaf area index,3,"esmFixClim1, 1pctCO2, historical, esmFdbk1"
Monthly,net downward radiative flux at top of atmosphere model,12,"amip, piControl, rcp60, aqua4xCO2, aqua4K, rcp26, amipFuture, rcp85, amip4K, aquaControl, abrupt4xCO2, historical, amip4xCO2, rcp45, 1pctCO2"
Monthly,eastward wind,85,"1pctCO2, sstClim, rcp60, aqua4xCO2, midHolocene, lgm, aqua4K, rcp26, sstClim4xCO2, amipFuture, piControl, amip4K, aquaControl, rcp85, historical, historicalGHG, amip4xCO2, rcp45, amip, esmControl, abrupt4xCO2"
Monthly,toa outgoing shortwave flux,36,"sstClimAerosol, rcp60, sstClim4xCO2, rcp26, sstClimSulfate, amip4xCO2, rcp45, 1pctCO2, aqua4xCO2, rcp85, abrupt4xCO2, historicalExt, historicalGHG, decadal, midHolocene, lgm, amip4K, historicalNat, amipFuture, piControl, sstClim, aqua4K, historicalMisc, aquaControl, historical, amip"
Monthly,surface partial pressure of carbon dioxide in sea water,2,"rcp60, rcp26, piControl, rcp85, historical, esmHistorical, rcp45, esmrcp85"
Monthly,convective rainfall flux,3,"rcp45, piControl, historical, rcp85"
Monthly,soil moisture content at field capacity,1,"rcp45, historical, rcp85"
Monthly,mass fraction of cloud ice in air,1,"amip4K, amip4xCO2, 1pctCO2, amipFuture, amip"
Monthly,sea ice y velocity,2,"rcp26, rcp45, piControl, historical, rcp85"
Monthly,surface downward y stress,6,"piControl, rcp45, 1pctCO2, historical, rcp85"
Monthly,atmosphere cloud ice content,9,"piControl, rcp60, rcp26, amipFuture, amip, amip4K, rcp85, historicalMisc, historicalNat, abrupt4xCO2, historical, historicalExt, historicalGHG, amip4xCO2, rcp45, 1pctCO2"
Monthly,northward ocean heat transport due to bolus advection,1,"1pctCO2, rcp85, abrupt4xCO2, historical, rcp45, piControl"
Monthly,surface air pressure,35,"sstClimAerosol, rcp60, sstClim4xCO2, rcp26, amip4xCO2, rcp45, 1pctCO2, aqua4xCO2, past1000, rcp85, abrupt4xCO2, historicalExt, historicalGHG, decadal, midHolocene, lgm, amip4K, historicalNat, piControl, sstClim, aqua4K, historicalMisc, aquaControl, historical, amip"
Monthly,northward ocean heat transport due to overturning,2,"piControl, amip, rcp85, abrupt4xCO2, historical, rcp45, 1pctCO2"
Monthly,surface albedo,6,"piControl, rcp45, midHolocene, amipFuture, amip, amip4K, historical, amip4xCO2, rcp85, 1pctCO2"
Monthly,surface downward latent heat flux,17,"amip, rcp26, piControl, rcp85, historical, rcp45, 1pctCO2, abrupt4xCO2"
Monthly,toa outgoing shortwave flux assuming clear sky,25,"sstClimAerosol, rcp60, sstClim4xCO2, rcp26, sstClimSulfate, amip4xCO2, rcp45, 1pctCO2, aqua4xCO2, rcp85, abrupt4xCO2, decadal, midHolocene, lgm, amip4K, amipFuture, piControl, sstClim, aqua4K, aquaControl, historical, amip"
Monthly,downwelling longwave flux in air,8,"1pctCO2, rcp45, rcp60, abrupt4xCO2, amipFuture, piControl, amip4K, rcp26, historical, amip4xCO2, rcp85, amip, decadal"
Monthly,area fraction,6,"rcp45, rcp60, esmFdbk1, esmFixClim1, rcp26, 1pctCO2, rcp85, esmrcp85, abrupt4xCO2, historical, esmHistorical, amip, piControl, esmControl"
Monthly,atmosphere cloud condensed water content,9,"piControl, rcp60, rcp26, amipFuture, amip, amip4K, rcp85, historicalMisc, historicalNat, abrupt4xCO2, historical, historicalExt, historicalGHG, amip4xCO2, rcp45, 1pctCO2"
Monthly,sea ice transport across line,2,"rcp26, rcp45, piControl, historical, rcp85"
Monthly,net primary productivity of carbon,5,"1pctCO2, rcp60, rcp26, amip, rcp85, abrupt4xCO2, historical, rcp45, piControl"
Monthly,soil carbon content,7,"amip, rcp45, rcp60, rcp26, piControl, abrupt4xCO2, historical, rcp85, 1pctCO2"
Monthly,surface upwelling longwave flux in air,21,"amip, decadal, rcp45, rcp60, midHolocene, lgm, rcp26, esmrcp85, amip4K, historicalMisc, amipFuture, historical, 1pctCO2, esmHistorical, historicalGHG, amip4xCO2, rcp85, piControl, abrupt4xCO2"
Monthly,sea ice thickness,16,"1pctCO2, rcp60, amip, rcp26, rcp85, historicalMisc, historicalNat, abrupt4xCO2, historical, historicalExt, historicalGHG, rcp45, piControl"
Monthly,surface downward heat flux in sea water,5,"piControl, rcp60, rcp26, 1pctCO2, rcp85, historicalMisc, historicalNat, abrupt4xCO2, historical, historicalExt, historicalGHG, rcp45, amip"
Monthly,surface upward sensible heat flux,25,"1pctCO2, amip, rcp26, rcp85, amip4K, historicalMisc, abrupt4xCO2, historical, historicalGHG, amip4xCO2, rcp45, piControl, decadal"
Monthly,heterotrophic respiration carbon flux,1,"historical, rcp85"
Monthly,soil moisture content,11,"1pctCO2, rcp60, esmFdbk1, esmFixClim1, rcp26, rcp85, historical, rcp45, piControl"
Monthly,water evaporation flux from canopy,4,"esmFdbk1, esmFixClim1, rcp26, rcp85, historical, rcp45, 1pctCO2"
Monthly,relative humidity,21,"piControl, rcp60, aqua4xCO2, rcp26, sstClim4xCO2, sstClim, amipFuture, amip, amip4K, aquaControl, rcp85, historical, historicalGHG, amip4xCO2, rcp45, 1pctCO2, abrupt4xCO2"
Monthly,stratiform cloud area fraction in atmosphere layer,1,"amip, historical, piControl"
Monthly,surface downward sensible heat flux,14,"amip, rcp26, piControl, rcp85, historical, rcp45, 1pctCO2, abrupt4xCO2"
Monthly,precipitation flux,178,"rcp60, sstClim4xCO2, amipFuture, esmrcp85, amip4xCO2, rcp45, 1pctCO2, aqua4xCO2, past1000, rcp85, abrupt4xCO2, historicalExt, historicalGHG, decadal, midHolocene, lgm, amip4K, esmHistorical, historicalNat, rcp26, piControl, esmControl, sstClim, esmFdbk1, aqua4K, esmFixClim1, historicalMisc, aquaControl, historical, amip"
Monthly,tendency of air temperature due to radiative heating,2,"aqua4xCO2, amip, aquaControl, abrupt4xCO2, amip4xCO2, piControl"
Monthly,rainfall flux,19,"amip, piControl, rcp60, aqua4xCO2, past1000, esmFdbk1, esmFixClim1, rcp26, rcp85, aquaControl, abrupt4xCO2, historical, historicalGHG, amip4xCO2, rcp45, 1pctCO2"
Monthly,surface runoff flux,7,"piControl, rcp45, rcp60, esmFdbk1, past1000, esmFixClim1, rcp26, rcp85, historicalMisc, historicalNat, abrupt4xCO2, historical, historicalExt, historicalGHG, amip, 1pctCO2"
Monthly,soil temperature,5,"rcp60, esmFdbk1, esmFixClim1, rcp26, rcp85, historical, rcp45, 1pctCO2"
Monthly,surface temperature,127,"sstClimAerosol, rcp60, sstClim4xCO2, amipFuture, sstClimSulfate, amip4xCO2, rcp45, esmrcp85, aqua4xCO2, past1000, rcp85, abrupt4xCO2, esmHistorical, historicalGHG, decadal, 1pctCO2, midHolocene, lgm, amip4K, historicalExt, historicalNat, rcp26, piControl, esmControl, sstClim, esmFdbk1, aqua4K, esmFixClim1, historicalMisc, aquaControl, historical, amip"
Monthly,surface snow amount,7,"amip, piControl, rcp60, esmFdbk1, esmFixClim1, rcp26, rcp85, historical, rcp45, 1pctCO2"
Monthly,air temperature,142,"rcp60, sstClim4xCO2, rcp26, amip4xCO2, rcp45, 1pctCO2, aqua4xCO2, past1000, rcp85, abrupt4xCO2, historicalExt, historicalGHG, decadal, midHolocene, lgm, amip4K, historicalNat, amipFuture, piControl, sstClim, aqua4K, historicalMisc, aquaControl, historical, amip"
Monthly,tendency of specific humidity due to convection,1,"piControl, 1pctCO2, amip4K, abrupt4xCO2, amip4xCO2, amip"
Monthly,atmosphere water vapor content,15,"piControl, rcp60, rcp26, amipFuture, amip, amip4K, rcp85, historicalMisc, historicalNat, abrupt4xCO2, historical, historicalExt, historicalGHG, amip4xCO2, rcp45, 1pctCO2"
Monthly,time,6,"sstClim, piControl, rcp45, rcp60, esmFdbk1, sstClim4xCO2, esmFixClim1, rcp26, rcp85, abrupt4xCO2, historical, amip, 1pctCO2"
Monthly,tendency of air temperature,7,"piControl, rcp60, midHolocene, lgm, rcp26, 1pctCO2, rcp85, historicalMisc, historicalNat, abrupt4xCO2, historical, historicalExt, historicalGHG, rcp45, amip, decadal"
Daily,toa outgoing longwave flux assuming clear sky,6,"amip, piControl, rcp60, aqua4xCO2, rcp26, rcp85, aquaControl, historicalMisc, historicalNat, abrupt4xCO2, historical, historicalExt, historicalGHG, amip4xCO2, rcp45, 1pctCO2"
Daily,cloud area fraction,10,"amip, rcp60, aqua4xCO2, rcp26, piControl, aquaControl, historicalMisc, historicalNat, rcp85, historical, historicalExt, historicalGHG, amip4xCO2, rcp45, 1pctCO2, abrupt4xCO2"
Daily,sea water salinity,1,"amip, historical, piControl"
Daily,downward sea ice basal salt flux,1,"amip, historical, piControl"
Daily,ocean mixed layer thickness defined by sigma t,1,"historical, decadal"
Daily,surface upwelling shortwave flux in air assuming clear sky,3,"rcp45, rcp60, rcp26, piControl, rcp85, abrupt4xCO2, historical, amip, 1pctCO2"
Daily,air pressure,14,"piControl, rcp60, rcp26, amip, rcp85, historicalMisc, historicalNat, abrupt4xCO2, historical, historicalExt, historicalGHG, rcp45, 1pctCO2"
Daily,area fraction,1,"1pctCO2, rcp60, rcp26, amip, rcp85, abrupt4xCO2, historical, rcp45, piControl"
Daily,geopotential height,34,"1pctCO2, rcp60, rcp26, amipFuture, amip, historicalMisc, rcp85, historical, historicalGHG, rcp45, piControl, abrupt4xCO2"
Daily,net primary productivity of carbon,1,"1pctCO2, rcp60, rcp26, amip, rcp85, abrupt4xCO2, historical, rcp45, piControl"
Daily,land ice area fraction,2,"1pctCO2, rcp45, rcp60, rcp26, amip, abrupt4xCO2, historical, rcp85, piControl"
Daily,atmosphere convective mass flux,1,"historical, rcp85"
Daily,sea ice y velocity,1,"rcp26, rcp45, piControl, historical, rcp85"
Daily,tendency of air temperature due to advection,1,amip
Daily,surface snow amount,2,"rcp85, rcp45, amip, historical, piControl"
Daily,sea ice x velocity,1,"rcp26, rcp45, piControl, historical, rcp85"
Daily,specific humidity,28,"1pctCO2, rcp60, rcp26, amip, rcp85, historical, historicalGHG, rcp45, piControl, abrupt4xCO2"
Daily,atmosphere cloud condensed water content,4,"piControl, rcp60, rcp26, 1pctCO2, rcp85, historicalMisc, historicalNat, abrupt4xCO2, historical, historicalExt, historicalGHG, rcp45, amip"
Daily,soil carbon content,1,"1pctCO2, rcp60, rcp26, amip, rcp85, abrupt4xCO2, historical, rcp45, piControl"
Daily,sea ice transport across line,1,"rcp26, rcp45, piControl, historical, rcp85"
Daily,sea surface salinity,3,"piControl, rcp60, rcp26, 1pctCO2, rcp85, historicalMisc, historicalNat, abrupt4xCO2, historical, historicalExt, historicalGHG, rcp45, amip"
Daily,sea ice thickness,5,"amip, rcp60, rcp26, piControl, historicalMisc, historicalNat, rcp85, historical, historicalExt, historicalGHG, rcp45, 1pctCO2, abrupt4xCO2"
Daily,surface albedo,5,"rcp60, rcp26, piControl, rcp85, historical, rcp45, amip"
Daily,surface upward latent heat flux,2,"rcp45, historical, rcp85"
Daily,mass fraction of water in air,1,"rcp45, historical, rcp85"
Daily,land area fraction,5,"amip, piControl, rcp60, rcp26, rcp85, abrupt4xCO2, historical, rcp45, 1pctCO2"
Daily,sea water potential temperature,2,"piControl, amip, historical, decadal"
Daily,runoff flux,5,"piControl, rcp60, rcp26, 1pctCO2, rcp85, historicalMisc, historicalNat, abrupt4xCO2, historical, historicalExt, historicalGHG, rcp45, amip"
Daily,convective cloud area fraction,1,"amip, historical, piControl"
Daily,sea area fraction,1,"1pctCO2, rcp60, rcp26, amip, rcp85, abrupt4xCO2, historical, rcp45, piControl"
Daily,downwelling longwave flux in air,2,"rcp45, rcp60, rcp26, rcp85"
Daily,surface upwelling longwave flux in air,5,"rcp45, rcp60, rcp26, piControl, rcp85, abrupt4xCO2, historical, amip, 1pctCO2"
Daily,air pressure at sea level,21,"rcp60, rcp26, amip, rcp85, historical, rcp45, piControl"
Daily,tendency of specific humidity,1,historical
Daily,surface downward heat flux in sea water,2,"piControl, rcp60, rcp26, 1pctCO2, rcp85, historicalMisc, historicalNat, abrupt4xCO2, historical, historicalExt, historicalGHG, rcp45, amip"
Daily,net downward radiative flux at top of atmosphere model,5,"1pctCO2, piControl, rcp60, aqua4xCO2, rcp26, rcp85, aquaControl, abrupt4xCO2, historical, amip4xCO2, rcp45, amip"
Daily,surface downwelling longwave flux in air assuming clear sky,7,"amip, rcp60, rcp26, piControl, historicalMisc, historicalNat, rcp85, historical, historicalExt, historicalGHG, rcp45, 1pctCO2, abrupt4xCO2"
Daily,stratiform cloud area fraction in atmosphere layer,1,"amip, historical, piControl"
Daily,surface upward sensible heat flux,2,"rcp45, historical, rcp85"
Daily,eastward wind,43,"rcp60, rcp26, piControl, rcp85, historical, historicalGHG, rcp45, amip"
Daily,surface downwelling shortwave flux in air,12,"amip, rcp60, rcp26, piControl, rcp85, historical, rcp45, 1pctCO2, abrupt4xCO2"
Daily,surface net downward longwave flux,5,"amip, piControl, rcp60, rcp26, rcp85, abrupt4xCO2, historical, rcp45, 1pctCO2"
Daily,surface partial pressure of carbon dioxide in sea water,2,"rcp45, rcp60, rcp26, rcp85"
Daily,convective rainfall flux,2,"rcp45, historical, rcp85"
Daily,moisture content of soil layer,6,"rcp45, rcp26, historical, rcp85"
Daily,surface upwelling shortwave flux in air,5,"rcp45, rcp60, rcp26, piControl, rcp85, abrupt4xCO2, historical, amip, 1pctCO2"
Daily,convective precipitation flux,3,"rcp45, rcp60, rcp26, historical, rcp85"
Daily,snowfall flux,6,"rcp45, rcp60, rcp26, historical, rcp85"
Daily,sea water potential density,1,"amip, historical, piControl"
Daily,water evaporation flux from canopy,1,"rcp45, historical, rcp85"
Daily,toa incoming shortwave flux,7,"amip, piControl, rcp60, aqua4xCO2, rcp26, rcp85, aquaControl, historicalMisc, historicalNat, abrupt4xCO2, historical, historicalExt, historicalGHG, amip4xCO2, rcp45, 1pctCO2"
Daily,relative humidity,12,"rcp60, aqua4xCO2, rcp26, piControl, aquaControl, rcp85, historical, historicalGHG, amip4xCO2, rcp45, amip, abrupt4xCO2"
Daily,cloud area fraction in atmosphere layer,3,"1pctCO2, piControl, rcp60, aqua4xCO2, rcp26, rcp85, aquaControl, abrupt4xCO2, historical, amip4xCO2, rcp45, amip"
Daily,surface downwelling shortwave flux in air assuming clear sky,4,"amip, rcp60, rcp26, piControl, rcp85, historical, rcp45, 1pctCO2, abrupt4xCO2"
Daily,water evaporation flux from soil,1,"rcp45, historical, rcp85"
Daily,sea surface temperature,21,"1pctCO2, rcp60, aqua4xCO2, abrupt4xCO2, rcp26, piControl, aquaControl, historicalMisc, historicalNat, rcp85, historical, historicalExt, historicalGHG, amip4xCO2, rcp45, amip, decadal"
Daily,isccp cloud area fraction,4,"amip, historical, piControl"
Daily,precipitation flux,63,"1pctCO2, rcp60, aqua4xCO2, abrupt4xCO2, rcp26, piControl, aquaControl, historicalMisc, historicalNat, rcp85, historical, historicalExt, historicalGHG, amip4xCO2, rcp45, amip, decadal"
Daily,northward wind,37,"rcp60, rcp26, piControl, rcp85, historical, historicalGHG, rcp45, amip"
Daily,sea ice area fraction,10,"1pctCO2, rcp60, amip, rcp26, rcp85, historicalMisc, historicalNat, abrupt4xCO2, historical, historicalExt, historicalGHG, rcp45, piControl, decadal"
Daily,tendency of air temperature due to radiative heating,2,"aqua4xCO2, amip, aquaControl, abrupt4xCO2, amip4xCO2, piControl"
Daily,atmosphere cloud ice content,4,"piControl, rcp60, rcp26, 1pctCO2, rcp85, historicalMisc, historicalNat, abrupt4xCO2, historical, historicalExt, historicalGHG, rcp45, amip"
Daily,downwelling shortwave flux in air,1,amip
Daily,rainfall flux,16,"rcp45, rcp60, aqua4xCO2, rcp26, piControl, aquaControl, abrupt4xCO2, historical, amip4xCO2, rcp85, amip"
Daily,surface downwelling longwave flux in air,14,"amip, rcp60, rcp26, piControl, historicalMisc, historicalNat, rcp85, historical, historicalExt, historicalGHG, rcp45, 1pctCO2, abrupt4xCO2"
Daily,surface runoff flux,2,"piControl, rcp60, rcp26, 1pctCO2, rcp85, historicalMisc, historicalNat, abrupt4xCO2, historical, historicalExt, historicalGHG, rcp45, amip"
Daily,toa outgoing shortwave flux,8,"amip, piControl, rcp60, aqua4xCO2, rcp26, rcp85, aquaControl, historicalMisc, historicalNat, abrupt4xCO2, historical, historicalExt, historicalGHG, amip4xCO2, rcp45, 1pctCO2"
Daily,wind speed,14,"rcp60, rcp26, rcp85, historical, historicalGHG, rcp45, amip"
Daily,surface air pressure,18,"1pctCO2, rcp60, abrupt4xCO2, rcp26, amip, historicalMisc, historicalNat, rcp85, historical, historicalExt, historicalGHG, rcp45, piControl, decadal"
Daily,surface altitude,4,"rcp45, rcp60, rcp26, historical, rcp85"
Daily,surface temperature,31,"1pctCO2, piControl, rcp60, rcp26, rcp85, abrupt4xCO2, historical, historicalGHG, rcp45, amip, decadal"
Daily,water evaporation flux,6,"piControl, rcp60, aqua4xCO2, aquaControl, rcp26, 1pctCO2, rcp85, historicalMisc, historicalNat, abrupt4xCO2, historical, historicalExt, historicalGHG, amip4xCO2, rcp45, amip"
Daily,northward ocean heat transport due to overturning,1,"amip, historical, piControl"
Daily,air temperature,63,"1pctCO2, rcp60, aqua4xCO2, rcp26, amipFuture, amip, aquaControl, historicalMisc, historicalNat, rcp85, historical, historicalExt, historicalGHG, amip4xCO2, rcp45, piControl, abrupt4xCO2"
Daily,soil moisture content,4,"rcp45, piControl, historical, rcp85"
Daily,toa outgoing longwave flux,12,"amip, piControl, rcp60, aqua4xCO2, rcp26, rcp85, aquaControl, historicalMisc, historicalNat, abrupt4xCO2, historical, historicalExt, historicalGHG, amip4xCO2, rcp45, 1pctCO2"
Daily,northward ocean heat transport,1,"amip, historical, piControl"
Daily,atmosphere water vapor content,12,"piControl, rcp45, rcp60, rcp26, 1pctCO2, historicalMisc, historicalNat, abrupt4xCO2, historical, historicalExt, historicalGHG, rcp85, amip"
Daily,time,5,"1pctCO2, rcp45, rcp60, rcp26, amip, abrupt4xCO2, historical, rcp85, piControl"
Daily,toa outgoing shortwave flux assuming clear sky,5,"1pctCO2, piControl, rcp60, aqua4xCO2, rcp26, rcp85, aquaControl, abrupt4xCO2, historical, amip4xCO2, rcp45, amip"
Daily,surface snow area fraction,2,"rcp45, historical, rcp85"
Daily,tendency of air temperature,3,"rcp60, rcp26, 1pctCO2, rcp85, historicalMisc, historicalNat, abrupt4xCO2, historical, historicalExt, historicalGHG, rcp45, amip"
Daily,transpiration flux,1,"rcp45, historical, rcp85"
Daily,sea water x velocity,1,"historical, decadal"
6-hourly,toa outgoing longwave flux assuming clear sky,3,"piControl, rcp60, rcp26, amipFuture, amip, amip4K, rcp85, historicalMisc, historicalNat, abrupt4xCO2, historical, historicalExt, historicalGHG, amip4xCO2, rcp45, 1pctCO2"
6-hourly,downwelling longwave flux in air,1,"amip4K, amip4xCO2, 1pctCO2, amipFuture, amip"
6-hourly,toa outgoing longwave flux,4,"piControl, rcp60, rcp26, amipFuture, amip, amip4K, rcp85, historicalMisc, historicalNat, abrupt4xCO2, historical, historicalExt, historicalGHG, amip4xCO2, rcp45, 1pctCO2"
6-hourly,downward sea ice basal salt flux,1,"amip, historical, piControl"
6-hourly,surface upwelling shortwave flux in air assuming clear sky,1,"amip4K, amip4xCO2, 1pctCO2, amipFuture, amip"
6-hourly,air pressure,13,"amip, piControl, rcp60, rcp26, rcp85, historicalMisc, historicalNat, amipFuture, historical, historicalExt, historicalGHG, rcp45, 1pctCO2, abrupt4xCO2"
6-hourly,geopotential height,9,"amipFuture, amip, rcp85, historical, historicalGHG, rcp45, piControl"
6-hourly,surface altitude,2,"rcp45, historical, rcp85"
6-hourly,cloud area fraction,2,"piControl, rcp60, rcp26, 1pctCO2, rcp85, historicalMisc, historicalNat, abrupt4xCO2, historical, historicalExt, historicalGHG, rcp45, amip"
6-hourly,air pressure at sea level,22,"rcp60, rcp26, amipFuture, amip, rcp85, historical, rcp45, piControl, decadal"
6-hourly,atmosphere cloud condensed water content,4,"piControl, rcp60, rcp26, amipFuture, amip, amip4K, rcp85, historicalMisc, historicalNat, abrupt4xCO2, historical, historicalExt, historicalGHG, amip4xCO2, rcp45, 1pctCO2"
6-hourly,sea ice thickness,3,"piControl, rcp60, rcp26, 1pctCO2, rcp85, historicalMisc, historicalNat, abrupt4xCO2, historical, historicalExt, historicalGHG, rcp45, amip"
6-hourly,sea water salinity,1,"amip, historical, piControl"
6-hourly,land area fraction,2,"amipFuture, 1pctCO2, amip4K, rcp85, historical, amip4xCO2, rcp45, amip"
6-hourly,sea water potential temperature,1,"amip, historical, piControl"
6-hourly,runoff flux,2,"piControl, rcp60, rcp26, 1pctCO2, rcp85, historicalMisc, historicalNat, abrupt4xCO2, historical, historicalExt, historicalGHG, rcp45, amip"
6-hourly,convective cloud area fraction,1,"amip, historical, piControl"
6-hourly,surface upwelling longwave flux in air,1,"amip4K, amip4xCO2, 1pctCO2, amipFuture, amip"
6-hourly,specific humidity,10,"piControl, amipFuture, 1pctCO2, amip4K, rcp85, historical, historicalGHG, amip4xCO2, rcp45, amip"
6-hourly,tendency of specific humidity,1,historical
6-hourly,surface downward heat flux in sea water,2,"piControl, rcp60, rcp26, 1pctCO2, rcp85, historicalMisc, historicalNat, abrupt4xCO2, historical, historicalExt, historicalGHG, rcp45, amip"
6-hourly,net downward radiative flux at top of atmosphere model,4,"piControl, amipFuture, amip, amip4K, historical, amip4xCO2, 1pctCO2"
6-hourly,eastward wind,30,"piControl, rcp60, rcp26, rcp85, amipFuture, historical, historicalGHG, rcp45, amip"
6-hourly,surface downwelling longwave flux in air assuming clear sky,2,"rcp60, rcp26, amipFuture, amip, amip4K, rcp85, historicalMisc, historicalNat, abrupt4xCO2, historical, historicalExt, historicalGHG, amip4xCO2, rcp45, 1pctCO2"
6-hourly,surface downwelling shortwave flux in air,1,"amip4K, amip4xCO2, 1pctCO2, amipFuture, amip"
6-hourly,water evaporation flux,4,"piControl, rcp60, rcp26, 1pctCO2, rcp85, historicalMisc, historicalNat, abrupt4xCO2, historical, historicalExt, historicalGHG, rcp45, amip"
6-hourly,mass fraction of cloud liquid water in air,1,"amip4K, amip4xCO2, 1pctCO2, amipFuture, amip"
6-hourly,surface upwelling shortwave flux in air,1,"amip4K, amip4xCO2, 1pctCO2, amipFuture, amip"
6-hourly,convective precipitation flux,1,"rcp45, historical, rcp85"
6-hourly,atmosphere water vapor content,9,"piControl, rcp60, rcp26, amipFuture, 1pctCO2, amip4K, rcp85, historicalMisc, historicalNat, abrupt4xCO2, historical, historicalExt, historicalGHG, amip4xCO2, rcp45, amip"
6-hourly,sea water potential density,1,"amip, historical, piControl"
6-hourly,toa incoming shortwave flux,3,"piControl, rcp60, rcp26, 1pctCO2, rcp85, historicalMisc, historicalNat, abrupt4xCO2, historical, historicalExt, historicalGHG, rcp45, amip"
6-hourly,relative humidity,5,"piControl, amipFuture, amip, amip4K, rcp85, historical, historicalGHG, amip4xCO2, rcp45, 1pctCO2"
6-hourly,cloud area fraction in atmosphere layer,1,"amip4K, amip4xCO2, 1pctCO2, amipFuture, amip"
6-hourly,surface downwelling shortwave flux in air assuming clear sky,1,"amip4K, amip4xCO2, 1pctCO2, amipFuture, amip"
6-hourly,sea surface temperature,10,"amip, piControl, rcp60, rcp26, rcp85, historicalMisc, historicalNat, abrupt4xCO2, historical, historicalExt, historicalGHG, rcp45, 1pctCO2"
6-hourly,sea surface salinity,2,"piControl, rcp60, rcp26, 1pctCO2, rcp85, historicalMisc, historicalNat, abrupt4xCO2, historical, historicalExt, historicalGHG, rcp45, amip"
6-hourly,precipitation flux,12,"amip, piControl, rcp60, rcp26, amipFuture, rcp85, historicalMisc, historicalNat, abrupt4xCO2, historical, historicalExt, historicalGHG, rcp45, 1pctCO2"
6-hourly,northward wind,29,"piControl, rcp60, rcp26, rcp85, amipFuture, historical, historicalGHG, rcp45, amip"
6-hourly,sea ice area fraction,7,"amip, piControl, rcp60, rcp26, rcp85, historicalMisc, historicalNat, abrupt4xCO2, historical, historicalExt, historicalGHG, rcp45, 1pctCO2"
6-hourly,stratiform cloud area fraction in atmosphere layer,1,"amip, historical, piControl"
6-hourly,atmosphere cloud ice content,4,"piControl, rcp60, rcp26, amipFuture, amip, amip4K, rcp85, historicalMisc, historicalNat, abrupt4xCO2, historical, historicalExt, historicalGHG, amip4xCO2, rcp45, 1pctCO2"
6-hourly,downwelling shortwave flux in air,2,"amip4K, amip4xCO2, 1pctCO2, amipFuture, amip"
6-hourly,surface downwelling longwave flux in air,2,"rcp60, rcp26, amipFuture, amip, amip4K, rcp85, historicalMisc, historicalNat, abrupt4xCO2, historical, historicalExt, historicalGHG, amip4xCO2, rcp45, 1pctCO2"
6-hourly,surface runoff flux,2,"piControl, rcp60, rcp26, 1pctCO2, rcp85, historicalMisc, historicalNat, abrupt4xCO2, historical, historicalExt, historicalGHG, rcp45, amip"
6-hourly,toa outgoing shortwave flux,3,"piControl, rcp60, rcp26, amipFuture, amip, amip4K, rcp85, historicalMisc, historicalNat, abrupt4xCO2, historical, historicalExt, historicalGHG, amip4xCO2, rcp45, 1pctCO2"
6-hourly,wind speed,9,"historicalGHG, rcp45, historical, amipFuture, rcp85"
6-hourly,surface air pressure,7,"amip, piControl, rcp60, rcp26, rcp85, historicalMisc, historicalNat, abrupt4xCO2, historical, historicalExt, historicalGHG, rcp45, 1pctCO2"
6-hourly,northward ocean heat transport due to overturning,1,"amip, historical, piControl"
6-hourly,surface temperature,7,"piControl, rcp60, rcp26, amipFuture, amip, amip4K, rcp85, historical, historicalGHG, amip4xCO2, rcp45, 1pctCO2"
6-hourly,surface snow amount,1,"amip, historical, piControl"
6-hourly,air temperature,24,"1pctCO2, piControl, rcp60, rcp26, rcp85, amip4K, historicalMisc, historicalNat, amipFuture, historical, historicalExt, historicalGHG, amip4xCO2, rcp45, amip, abrupt4xCO2"
6-hourly,soil moisture content,2,"rcp45, rcp60, rcp26, historical, rcp85"
6-hourly,surface albedo,2,"piControl, amipFuture, amip, amip4K, historical, amip4xCO2, 1pctCO2"
6-hourly,northward ocean heat transport,1,"amip, historical, piControl"
6-hourly,convective rainfall flux,1,"rcp45, historical, rcp85"
6-hourly,snowfall flux,1,"rcp45, historical, rcp85"
6-hourly,toa outgoing shortwave flux assuming clear sky,2,"piControl, amipFuture, amip, amip4K, historical, amip4xCO2, 1pctCO2"
6-hourly,isccp cloud area fraction,2,"amip, historical, piControl"
6-hourly,tendency of air temperature,2,"rcp60, rcp26, 1pctCO2, rcp85, historicalMisc, historicalNat, abrupt4xCO2, historical, historicalExt, historicalGHG, rcp45, amip"
6-hourly,surface net downward longwave flux,1,historical
6-hourly,mass fraction of cloud ice in air,1,"amip4K, amip4xCO2, 1pctCO2, amipFuture, amip"
Climatology Monthly Mean,toa outgoing longwave flux assuming clear sky,2,"piControl, midHolocene, historical, lgm"
Climatology Monthly Mean,cloud area fraction,2,"amip, historical"
Climatology Monthly Mean,ocean mixed layer thickness defined by sigma t,3,"midHolocene, piControl, historical, decadal"
Climatology Monthly Mean,surface upwelling shortwave flux in air assuming clear sky,2,"piControl, amip, midHolocene, lgm"
Climatology Monthly Mean,air pressure,2,"amip, historical"
Climatology Monthly Mean,area fraction,1,"rcp60, rcp26, piControl, rcp85, historical, esmHistorical, rcp45, esmrcp85, esmControl"
Climatology Monthly Mean,geopotential height,3,"historicalGHG, rcp45, historical, rcp85"
Climatology Monthly Mean,land ice area fraction,1,"piControl, midHolocene, lgm"
Climatology Monthly Mean,surface upwelling longwave flux in air,1,"piControl, midHolocene, lgm"
Climatology Monthly Mean,air pressure at sea level,10,"midHolocene, amipFuture, rcp45, amip, historical"
Climatology Monthly Mean,atmosphere cloud condensed water content,1,"amip, historical"
Climatology Monthly Mean,sea ice thickness,2,"midHolocene, piControl, historical"
Climatology Monthly Mean,sea water salinity,2,"rcp45, piControl, historical, rcp85"
Climatology Monthly Mean,land area fraction,3,"midHolocene, lgm, amip, historical, esmHistorical, piControl"
Climatology Monthly Mean,sea water potential temperature,4,"rcp60, midHolocene, rcp26, piControl, rcp85, historical, esmHistorical, rcp45, esmrcp85, esmControl, decadal"
Climatology Monthly Mean,runoff flux,1,"esmHistorical, amip, historical"
Climatology Monthly Mean,sea area fraction,2,"rcp60, midHolocene, lgm, rcp26, piControl, rcp85, historical, esmHistorical, rcp45, esmrcp85, esmControl"
Climatology Monthly Mean,surface albedo,1,"esmHistorical, amip, historical"
Climatology Monthly Mean,specific humidity,5,"rcp60, amipFuture, rcp85, historical, historicalGHG, rcp45, amip"
Climatology Monthly Mean,tendency of specific humidity,1,historical
Climatology Monthly Mean,eastward wind,13,"piControl, rcp60, midHolocene, lgm, amipFuture, rcp85, historical, historicalGHG, rcp45, amip"
Climatology Monthly Mean,surface downwelling longwave flux in air assuming clear sky,2,"historical, amip, piControl, midHolocene, lgm"
Climatology Monthly Mean,surface downwelling shortwave flux in air,3,"midHolocene, lgm, amip, historical, esmHistorical, piControl"
Climatology Monthly Mean,water evaporation flux,2,"rcp85, historical, esmHistorical, historicalGHG, rcp45, amip"
Climatology Monthly Mean,surface upwelling shortwave flux in air,1,"piControl, midHolocene, lgm"
Climatology Monthly Mean,ocean mixed layer thickness defined by mixing scheme,2,"midHolocene, piControl, historical"
Climatology Monthly Mean,sea water potential density,1,"piControl, historical"
Climatology Monthly Mean,toa incoming shortwave flux,1,"piControl, midHolocene, lgm"
Climatology Monthly Mean,relative humidity,3,"historicalGHG, rcp45, historical, rcp85"
Climatology Monthly Mean,surface downwelling shortwave flux in air assuming clear sky,2,"piControl, amip, midHolocene, lgm"
Climatology Monthly Mean,sea surface temperature,10,"amip, rcp60, midHolocene, lgm, amipFuture, rcp85, esmrcp85, rcp26, historical, esmHistorical, historicalGHG, rcp45, piControl, esmControl, decadal"
Climatology Monthly Mean,sea surface salinity,2,"midHolocene, piControl, historical"
Climatology Monthly Mean,precipitation flux,24,"esmrcp85, rcp60, midHolocene, past1000, lgm, rcp26, rcp85, piControl, aquaControl, historical, esmHistorical, historicalGHG, rcp45, amip, esmControl, decadal"
Climatology Monthly Mean,northward wind,9,"piControl, rcp60, midHolocene, lgm, amipFuture, rcp85, historical, historicalGHG, rcp45, amip"
Climatology Monthly Mean,sea ice area fraction,4,"midHolocene, piControl, historical, decadal"
Climatology Monthly Mean,atmosphere cloud ice content,1,"amip, historical"
Climatology Monthly Mean,downwelling shortwave flux in air,1,historical
Climatology Monthly Mean,rainfall flux,5,"rcp60, past1000, amipFuture, rcp85, historical, historicalGHG, rcp45, amip"
Climatology Monthly Mean,surface downwelling longwave flux in air,2,"historical, amip, piControl, midHolocene, lgm"
Climatology Monthly Mean,surface runoff flux,2,"historicalGHG, past1000, historical, rcp85"
Climatology Monthly Mean,toa outgoing shortwave flux,2,"piControl, midHolocene, historical, lgm"
Climatology Monthly Mean,sea water y velocity,1,"piControl, historical"
Climatology Monthly Mean,wind speed,5,"historicalGHG, rcp45, historical, rcp85"
Climatology Monthly Mean,surface air pressure,4,"historicalGHG, decadal, amip, historical, past1000"
Climatology Monthly Mean,surface temperature,18,"rcp60, past1000, rcp26, piControl, esmrcp85, rcp85, historical, esmHistorical, historicalGHG, rcp45, amip, esmControl, decadal"
Climatology Monthly Mean,air temperature,25,"piControl, midHolocene, past1000, lgm, rcp26, rcp85, amipFuture, historical, historicalGHG, rcp45, amip"
Climatology Monthly Mean,toa outgoing longwave flux,2,"piControl, midHolocene, historical, lgm"
Climatology Monthly Mean,atmosphere water vapor content,2,"historicalGHG, rcp45, historical, rcp85"
Climatology Monthly Mean,time,1,"amip, historical"
Climatology Monthly Mean,toa outgoing shortwave flux assuming clear sky,2,"piControl, midHolocene, historical, lgm"
Climatology Monthly Mean,isccp cloud area fraction,1,amip
Climatology Monthly Mean,surface snow area fraction,1,historical
Climatology Monthly Mean,tendency of air temperature,2,"piControl, midHolocene, historical, lgm"
Climatology Monthly Mean,sea water x velocity,2,"piControl, historical, decadal"
Fixed,toa outgoing longwave flux assuming clear sky,2,"1pctCO2, rcp60, midHolocene, lgm, rcp26, amip, rcp85, abrupt4xCO2, historical, rcp45, piControl"
Fixed,cloud area fraction,2,"1pctCO2, rcp45, rcp60, rcp26, amip, abrupt4xCO2, historical, rcp85, piControl"
Fixed,gross primary productivity of carbon,1,historical
Fixed,surface upwelling shortwave flux in air assuming clear sky,3,"1pctCO2, rcp60, midHolocene, lgm, rcp26, amip, rcp85, abrupt4xCO2, historical, rcp45, piControl"
Fixed,air pressure,1,"1pctCO2, rcp60, rcp26, amip, rcp85, abrupt4xCO2, historical, rcp45, piControl"
Fixed,area fraction,2,"1pctCO2, rcp60, rcp26, amip, rcp85, abrupt4xCO2, historical, rcp45, piControl"
Fixed,geopotential height,1,"1pctCO2, rcp60, rcp26, amip, rcp85, abrupt4xCO2, historical, rcp45, piControl"
Fixed,surface downward latent heat flux,1,"abrupt4xCO2, piControl"
Fixed,surface altitude,1,"rcp45, rcp60, rcp26, historical, rcp85"
Fixed,downwelling longwave flux in air,1,rcp45
Fixed,northward wind,1,"piControl, midHolocene, lgm"
Fixed,sea ice thickness,1,rcp45
Fixed,sea water salinity,3,"piControl, rcp60, esmFdbk1, esmFixClim1, rcp85, rcp45, 1pctCO2"
Fixed,surface upward latent heat flux,2,"piControl, abrupt4xCO2, historical, rcp85"
Fixed,land area fraction,6,"amip, piControl, rcp60, midHolocene, lgm, rcp26, rcp85, abrupt4xCO2, historical, rcp45, 1pctCO2"
Fixed,sea water potential temperature,4,"rcp60, esmFdbk1, esmFixClim1, piControl, rcp85, abrupt4xCO2, rcp45, 1pctCO2"
Fixed,sea area fraction,3,"1pctCO2, rcp60, midHolocene, lgm, rcp26, amip, rcp85, abrupt4xCO2, historical, rcp45, piControl"
Fixed,surface upwelling longwave flux in air,4,"1pctCO2, rcp45, rcp60, midHolocene, lgm, rcp26, amip, abrupt4xCO2, historical, rcp85, piControl"
Fixed,specific humidity,2,"1pctCO2, rcp45, rcp60, rcp26, amip, abrupt4xCO2, historical, rcp85, piControl"
Fixed,net primary productivity of carbon,2,"1pctCO2, rcp60, rcp26, amip, rcp85, abrupt4xCO2, historical, rcp45, piControl"
Fixed,surface downward heat flux in sea water,1,"abrupt4xCO2, piControl"
Fixed,net downward radiative flux at top of atmosphere model,1,"1pctCO2, rcp60, rcp26, amip, rcp85, abrupt4xCO2, historical, rcp45, piControl"
Fixed,surface downwelling longwave flux in air assuming clear sky,3,"1pctCO2, rcp60, midHolocene, lgm, rcp26, amip, rcp85, abrupt4xCO2, historical, rcp45, piControl"
Fixed,surface upward sensible heat flux,2,"piControl, abrupt4xCO2, historical, rcp85"
Fixed,eastward wind,2,"rcp45, piControl, midHolocene, lgm"
Fixed,surface downwelling shortwave flux in air,4,"1pctCO2, rcp45, rcp60, midHolocene, lgm, rcp26, amip, abrupt4xCO2, historical, rcp85, piControl"
Fixed,surface upwelling shortwave flux in air,4,"1pctCO2, rcp45, rcp60, midHolocene, lgm, rcp26, amip, abrupt4xCO2, historical, rcp85, piControl"
Fixed,plant respiration carbon flux,1,historical
Fixed,sea water potential density,1,"rcp45, rcp60, rcp85"
Fixed,toa outgoing shortwave flux,2,"1pctCO2, rcp60, midHolocene, lgm, rcp26, amip, rcp85, abrupt4xCO2, historical, rcp45, piControl"
Fixed,toa incoming shortwave flux,2,"1pctCO2, rcp60, midHolocene, lgm, rcp26, amip, rcp85, abrupt4xCO2, historical, rcp45, piControl"
Fixed,surface net downward longwave flux,4,"1pctCO2, rcp45, rcp60, rcp26, amip, abrupt4xCO2, historical, rcp85, piControl"
Fixed,cloud area fraction in atmosphere layer,1,"1pctCO2, rcp60, rcp26, amip, rcp85, abrupt4xCO2, historical, rcp45, piControl"
Fixed,surface downwelling shortwave flux in air assuming clear sky,3,"1pctCO2, rcp60, midHolocene, lgm, rcp26, amip, rcp85, abrupt4xCO2, historical, rcp45, piControl"
Fixed,surface downward eastward stress,1,rcp45
Fixed,land ice area fraction,3,"1pctCO2, rcp45, rcp60, midHolocene, lgm, rcp26, amip, abrupt4xCO2, historical, rcp85, piControl"
Fixed,sea surface salinity,3,"1pctCO2, rcp60, esmFdbk1, esmFixClim1, rcp26, amip, rcp85, abrupt4xCO2, historical, rcp45, piControl"
Fixed,precipitation flux,3,"amip, piControl, rcp60, midHolocene, lgm, rcp26, rcp85, abrupt4xCO2, historical, rcp45, 1pctCO2"
Fixed,litter carbon content,1,historical
Fixed,sea ice area fraction,3,"piControl, esmFdbk1, esmFixClim1, rcp85, historical, rcp45, 1pctCO2"
Fixed,surface downward northward stress,1,rcp45
Fixed,downwelling shortwave flux in air,1,rcp45
Fixed,surface downwelling longwave flux in air,4,"1pctCO2, rcp45, rcp60, midHolocene, lgm, rcp26, amip, abrupt4xCO2, historical, rcp85, piControl"
Fixed,soil carbon content,2,"1pctCO2, rcp60, rcp26, amip, rcp85, abrupt4xCO2, historical, rcp45, piControl"
Fixed,soil moisture content,1,historical
Fixed,wind speed,1,"historical, rcp85"
Fixed,surface air pressure,3,"1pctCO2, rcp45, rcp60, lgm, rcp26, amip, abrupt4xCO2, historical, rcp85, piControl"
Fixed,soil temperature,1,historical
Fixed,surface temperature,5,"amip, piControl, rcp60, esmFdbk1, esmFixClim1, rcp26, rcp85, abrupt4xCO2, historical, rcp45, 1pctCO2"
Fixed,surface downward sensible heat flux,1,"abrupt4xCO2, piControl"
Fixed,air temperature,7,"amip, piControl, rcp60, midHolocene, lgm, rcp26, rcp85, abrupt4xCO2, historical, historicalExt, rcp45, 1pctCO2"
Fixed,toa outgoing longwave flux,2,"1pctCO2, rcp60, midHolocene, lgm, rcp26, amip, rcp85, abrupt4xCO2, historical, rcp45, piControl"
Fixed,time,2,"1pctCO2, rcp45, rcp60, rcp26, amip, abrupt4xCO2, historical, rcp85, piControl"
Fixed,toa outgoing shortwave flux assuming clear sky,2,"1pctCO2, rcp60, midHolocene, lgm, rcp26, amip, rcp85, abrupt4xCO2, historical, rcp45, piControl"
Fixed,tendency of air temperature,1,"piControl, midHolocene, lgm"
Fixed,sea surface temperature,5,"1pctCO2, rcp60, midHolocene, lgm, esmFdbk1, esmFixClim1, rcp26, amip, rcp85, abrupt4xCO2, historical, rcp45, piControl"
